auc,acc,dice/F1,dice/F1_from_bin,spec,sens
0.9301588957534281,0.8689170458647723,0.0,0.8204322926288564,1.0,0.0
