auc,acc,dice/F1,dice/F1_from_bin,spec,sens
0.8931435036800534,0.8676007466783793,0.0,0.8281887408213218,1.0,0.0
