auc,acc,dice/F1,dice/F1_from_bin,spec,sens
0.9092865842515454,0.8805623493392923,0.0,0.8149520180637877,1.0,0.0
