auc,acc,dice/F1,dice/F1_from_bin,spec,sens
0.9321893323145082,0.9259485815602837,0.7112585986380449,0.6935173546086555,0.937138591689475,0.8347261663286004
