auc,acc,dice/F1,dice/F1_from_bin,spec,sens
0.9106519457647196,0.8886668482032273,0.6570891332873395,0.6200258779197785,0.8997604681483278,0.815
