auc,acc,dice/F1,dice/F1_from_bin,spec,sens
0.9071517716505145,0.8911112377129284,0.5788715445500924,0.603126422825922,0.9021179524683615,0.7864511375149673
