auc,acc,dice/F1,dice/F1_from_bin,spec,sens
0.8815336753684011,0.8937319410168361,0.6982317879143078,0.5630649214266962,0.9262206415458734,0.7326180819050111
