auc,acc,dice/F1,dice/F1_from_bin,spec,sens
0.8855593345775669,0.8358960600276212,0.5717827179763804,0.6071270740428267,0.8438563500904455,0.7866978271854472
