auc,acc,dice/F1,dice/F1_from_bin,spec,sens
0.8790030651998264,0.855725658841718,0.55732609969875,0.3482226786895519,0.871343549464564,0.7434899621763166
