auc,acc,dice/F1,dice/F1_from_bin,spec,sens
0.9199925973431801,0.9059106511109355,0.6912573815353593,0.6274951188698749,0.9176775427033282,0.8254618004196622
