auc,acc,dice/F1,dice/F1_from_bin,spec,sens
0.9185047623817195,0.9064827319236166,0.7122690667929891,0.6894088089817069,0.9212630305763692,0.8169455742183862
