auc,acc,dice/F1,dice/F1_from_bin,spec,sens
0.8447637154802539,0.8273055620322997,0.48709740641536553,0.35085114663361056,0.8488908709181193,0.6720023073040594
