auc,acc,dice/F1,dice/F1_from_bin,spec,sens
0.8637255193578405,0.8518914542438363,0.5286844500455087,0.25213063058421015,0.8676147818573656,0.72952815241334
