auc,acc,dice/F1,dice/F1_from_bin,spec,sens
0.9156844569807457,0.9185818244100816,0.6322575526153968,0.6666666666666666,0.9298425439356317,0.800975021360004
