auc,acc,dice/F1,dice/F1_from_bin,spec,sens
0.9152427671897017,0.9142230955259976,0.6859384410046063,0.5875975827994917,0.9322686223407479,0.7816812583469357
