auc,acc,dice/F1,dice/F1_from_bin,spec,sens
0.9177508673044799,0.9218356181225794,0.7046898588231391,0.6240566999796043,0.9385205337736684,0.7960943063832977
