auc,acc,dice/F1,dice/F1_from_bin,spec,sens
0.773223954860579,0.6535123729816105,0.38997777328753286,0.3753366962143102,0.6329721242696456,0.7770929476259795
