auc,acc,dice/F1,dice/F1_from_bin,spec,sens
0.895160280803843,0.8199177670593817,0.5302778573474649,0.5549015168666516,0.8215229558768854,0.8087515727666713
