auc,acc,dice/F1,dice/F1_from_bin,spec,sens
0.9066311217412502,0.8740895267519596,0.6620678250392752,0.6665229162174465,0.8915503337113828,0.7809887415003901
