auc,acc,dice/F1,dice/F1_from_bin,spec,sens
0.8749123321094903,0.8280924000598628,0.5253460701741592,0.4540455318219377,0.8395371700824321,0.7493845567074651
