auc,acc,dice/F1,dice/F1_from_bin,spec,sens
0.9311963593723589,0.9026142230709385,0.6797866310082702,0.6967275174560444,0.9143400405568731,0.8211890297433017
