auc,acc,dice/F1,dice/F1_from_bin,spec,sens
0.9437116895389168,0.9012309856678097,0.6858868599871368,0.7132484873774254,0.9063542127044075,0.8652462254832792
