auc,acc,dice/F1,dice/F1_from_bin,spec,sens
0.9171344689910583,0.9143602350930062,0.6700726458008012,0.5419585326953748,0.9298077970431837,0.78956
