auc,acc,dice/F1,dice/F1_from_bin,spec,sens
0.7232105038858918,0.8689170458647723,0.0,0.6148817445308304,1.0,0.0
