auc,acc,dice/F1,dice/F1_from_bin,spec,sens
0.7394398907386559,0.850177931199936,0.0,0.6467082633389328,1.0,0.0
