auc,acc,dice/F1,dice/F1_from_bin,spec,sens
0.6697298742060829,0.8543107381925955,0.0,0.5065747710165956,1.0,0.0
