auc,acc,dice/F1,dice/F1_from_bin,spec,sens
0.7133136814223899,0.8666693031369602,0.0,0.5975277893086113,1.0,0.0
