auc,acc,dice/F1,dice/F1_from_bin,spec,sens
0.6824242950199729,0.8642997369264755,0.0,0.534318601676851,1.0,0.0
