auc,acc,dice/F1,dice/F1_from_bin,spec,sens
0.6704911234686711,0.8588785005648376,0.0,0.5083785916539015,1.0,0.0
