auc,acc,dice/F1,dice/F1_from_bin,spec,sens
0.6824265662274612,0.8676007466783793,0.0,0.5343011118123998,1.0,0.0
