auc,acc,dice/F1,dice/F1_from_bin,spec,sens
0.6663902620237858,0.8743118695837477,0.0,0.4987180503792985,1.0,0.0
