auc,acc,dice/F1,dice/F1_from_bin,spec,sens
0.6500424431310808,0.8825441447772995,0.0,0.46154288507432645,1.0,0.0
