auc,acc,dice/F1,dice/F1_from_bin,spec,sens
0.6970469248566097,0.8805623493392923,0.0,0.5643997260706949,1.0,0.0
