auc,acc,dice/F1,dice/F1_from_bin,spec,sens
0.7110217690466824,0.8703635421879252,0.0,0.5926066620764976,1.0,0.0
