auc,acc,dice/F1,dice/F1_from_bin,spec,sens
0.6998666334401964,0.8748270029217284,0.0,0.5700292361128464,1.0,0.0
