auc,acc,dice/F1,dice/F1_from_bin,spec,sens
0.6981286263264678,0.858232967032967,0.0,0.5671588843066826,1.0,0.0
