auc,acc,dice/F1,dice/F1_from_bin,spec,sens
0.7169493641823681,0.8820875432801721,0.0,0.6038247801925435,1.0,0.0
