auc,acc,dice/F1,dice/F1_from_bin,spec,sens
0.6970318535929916,0.8961626076325673,0.0,0.5638481319013765,1.0,0.0
