auc,acc,dice/F1,dice/F1_from_bin,spec,sens
0.6978699002873805,0.8691621210923433,0.0,0.5660323090935238,1.0,0.0
