auc,acc,dice/F1,dice/F1_from_bin,spec,sens
0.6809374089905069,0.8767022011297835,0.0,0.5297756343048857,1.0,0.0
