auc,acc,dice/F1,dice/F1_from_bin,spec,sens
0.7442771692861301,0.8851378661933466,0.0,0.6519528071602929,1.0,0.0
