auc,acc,dice/F1,dice/F1_from_bin,spec,sens
0.7501764710839391,0.8796462434253347,0.0,0.6663910304740132,1.0,0.0
