auc,acc,dice/F1,dice/F1_from_bin,spec,sens
0.7256191285359177,0.893355836552788,0.0,0.6176503653738055,1.0,0.0
